tool		SPF Sun Jun 22 08:28:51 PM IST 2025	SPF Sun Jun 22 08:28:51 PM IST 2025	SPF Sun Jun 22 08:28:51 PM IST 2025	SPF Sun Jun 22 08:28:51 PM IST 2025
run set		SV-COMP25_assert_java.ReachSafety-Java	SV-COMP25_assert_java.ReachSafety-Java	SV-COMP25_assert_java.ReachSafety-Java	SV-COMP25_assert_java.ReachSafety-Java
sv-benchmarks/java/		status	cputime (s)	walltime (s)	memory (MB)
jayhorn-recursive/Ackermann01.yml	false	false	3.822346	1.968050970999684	172.990464
jayhorn-recursive/Addition.yml	true	true	4.265166	1.984459651999714	179.064832
jayhorn-recursive/InfiniteLoop.yml	false	false	3.761224	1.8357449360000828	174.309376
jayhorn-recursive/SatAckermann01.yml	true	true	14.66387	8.160262168999907	563.200000
jayhorn-recursive/SatAckermann02.yml	true	true	10.297944	6.050384846999805	592.023552
jayhorn-recursive/SatAckermann03.yml	true	true	10.456903	6.146028771000601	588.906496
jayhorn-recursive/SatAddition01.yml	true	true	2.311205	1.0939327010000852	182.562816
jayhorn-recursive/SatEvenOdd01.yml	true	true	3.748223	1.731980776000455	182.804480
jayhorn-recursive/SatFibonacci01.yml	true	true	6.115338	2.5323538619995816	229.957632
jayhorn-recursive/SatFibonacci02.yml	true	true	3.222526	1.6335716889998366	115.200000
jayhorn-recursive/SatFibonacci03.yml	true	true	6.900646	2.8351201440000295	250.830848
jayhorn-recursive/SatGcd.yml	true	true	5.777436	2.5155933380001443	217.395200
jayhorn-recursive/SatHanoi01.yml	true	true	10.688497	5.0417968000001565	547.045376
jayhorn-recursive/SatMccarthy91.yml	true	true	8.944381	4.85624041400024	564.510720
jayhorn-recursive/SatMultCommutative01.yml	true	true	2.758142	1.2660352240000066	199.528448
jayhorn-recursive/SatPrimes01.yml	true	TIMEOUT	900.704236	834.1306435830002	1815.703552
jayhorn-recursive/UnsatAckermann01.yml	false	false	2.182655	1.0510098150007252	175.390720
jayhorn-recursive/UnsatAddition01.yml	false	false	2.817779	1.321640686000137	177.287168
jayhorn-recursive/UnsatAddition02.yml	false	true	4.590738	2.1348894399998244	211.849216
jayhorn-recursive/UnsatEvenOdd01.yml	false	false	3.958019	1.9353725900000427	174.129152
jayhorn-recursive/UnsatFibonacci01.yml	false	false	4.049776	1.9659319319998758	178.909184
jayhorn-recursive/UnsatFibonacci02.yml	false	false	5.288986	2.318347843999618	219.475968
jayhorn-recursive/UnsatMccarthy91.yml	false	false	3.790365	1.8908405210004275	173.740032
jbmc-regression/ArithmeticException1.yml	false	false	3.69041	1.849971278999874	174.198784
jbmc-regression/ArithmeticException5.yml	true	true	3.23011	1.6756916790000105	114.647040
jbmc-regression/ArithmeticException6.yml	false	false	3.718992	1.8727114690000235	173.318144
jbmc-regression/ArrayIndexOutOfBoundsException1.yml	false	false	3.811546	1.965235974999814	175.357952
jbmc-regression/ArrayIndexOutOfBoundsException2.yml	false	false	3.874971	1.914737924000292	175.095808
jbmc-regression/ArrayIndexOutOfBoundsException3.yml	false	false	3.609498	1.8573902099997213	173.711360
jbmc-regression/BufferedReaderReadLine.yml	false	false	3.911761	1.9458410770002956	175.271936
jbmc-regression/CharSequenceBug.yml	false	false	3.692011	1.8665912160004154	173.428736
jbmc-regression/CharSequenceToString.yml	true	false	3.754767	1.9368696100000307	174.469120
jbmc-regression/ClassCastException1.yml	false	false	3.416951	1.731321886999467	117.518336
jbmc-regression/ClassCastException2.yml	true	true	3.411859	1.7382043699999485	115.449856
jbmc-regression/ClassCastException3.yml	false	false	3.484407	1.7628205639994121	113.860608
jbmc-regression/Class_method1.yml	true	true	3.336034	1.7589453370001138	116.326400
jbmc-regression/Inheritance1.yml	true	true	3.363617	1.7233424839996587	116.305920
jbmc-regression/NegativeArraySizeException1.yml	false	false	3.314303	1.7458036400003039	115.150848
jbmc-regression/NegativeArraySizeException2.yml	false	false	3.276279	1.6992785590000494	115.245056
jbmc-regression/NullPointerException1.yml	true	true	3.323429	1.7190045880006437	115.879936
jbmc-regression/NullPointerException2.yml	false	false	3.293792	1.700726205999672	115.560448
jbmc-regression/NullPointerException3.yml	false	false	3.31555	1.7003121190000456	118.108160
jbmc-regression/NullPointerException4.yml	false	false	3.317459	1.6906177959999695	115.003392
jbmc-regression/RegexMatches01.yml	true	true	3.41914	1.7493427950003024	116.752384
jbmc-regression/RegexMatches02.yml	false	true	3.426708	1.757426273999954	117.145600
jbmc-regression/RegexSubstitution01.yml	true	true	3.538624	1.826218899000196	119.091200
jbmc-regression/RegexSubstitution02.yml	false	unknown	3.643936	1.8150916450003933	117.608448
jbmc-regression/RegexSubstitution03.yml	true	true	3.680664	1.8071772229995986	119.119872
jbmc-regression/StaticCharMethods01.yml	true	true	3.41247	1.7039026410002407	114.954240
jbmc-regression/StaticCharMethods02.yml	false	false	3.840822	1.8976377939998201	172.793856
jbmc-regression/StaticCharMethods03.yml	false	false	3.923362	1.9627225450003607	173.506560
jbmc-regression/StaticCharMethods04.yml	false	false	3.02906	1.6135938460001853	118.685696
jbmc-regression/StaticCharMethods05.yml	false	unknown	2.74579	1.3660567780007113	119.111680
jbmc-regression/StaticCharMethods06.yml	true	true	2.479573	1.3186841739998272	174.227456
jbmc-regression/StringBuilderAppend01.yml	true	true	2.663542	1.2739735400000427	121.094144
jbmc-regression/StringBuilderAppend02.yml	false	unknown	3.649326	1.837636147000012	118.460416
jbmc-regression/StringBuilderCapLen01.yml	true	true	3.550661	1.840485771999738	118.915072
jbmc-regression/StringBuilderCapLen02.yml	false	false	3.560414	1.818273312999736	121.278464
jbmc-regression/StringBuilderCapLen03.yml	false	unknown	3.470183	1.786802335000175	116.854784
jbmc-regression/StringBuilderCapLen04.yml	false	unknown	3.363973	1.7046716490003746	118.251520
jbmc-regression/StringBuilderChars01.yml	true	true	3.440999	1.7368409560003784	118.579200
jbmc-regression/StringBuilderChars02.yml	false	false	3.510782	1.7450252090002323	120.123392
jbmc-regression/StringBuilderChars03.yml	false	unknown	3.339112	1.7189422430001287	116.944896
jbmc-regression/StringBuilderChars04.yml	false	unknown	3.569838	1.7916055929999857	119.099392
jbmc-regression/StringBuilderChars05.yml	false	unknown	3.532044	1.8026233820000925	116.645888
jbmc-regression/StringBuilderChars06.yml	false	unknown	3.543624	1.7971855109999524	117.792768
jbmc-regression/StringBuilderConstructors01.yml	true	unknown	3.680509	1.8815297670007567	173.154304
jbmc-regression/StringBuilderConstructors02.yml	false	unknown	3.30972	1.661946674000319	118.738944
jbmc-regression/StringBuilderInsertDelete01.yml	true	true	3.678075	1.8490634449999561	119.545856
jbmc-regression/StringBuilderInsertDelete02.yml	false	unknown	3.637023	1.8626697999998214	116.785152
jbmc-regression/StringBuilderInsertDelete03.yml	false	unknown	3.617891	1.8486457019998852	118.689792
jbmc-regression/StringCompare01.yml	true	true	3.358529	1.7440486089999467	116.305920
jbmc-regression/StringCompare02.yml	false	unknown	3.375851	1.7158756959997845	117.624832
jbmc-regression/StringCompare03.yml	false	unknown	3.372999	1.7274214070002927	116.240384
jbmc-regression/StringCompare04.yml	false	unknown	3.494795	1.773542704000647	115.879936
jbmc-regression/StringCompare05.yml	false	false	3.211031	1.6862551929998517	119.439360
jbmc-regression/StringConcatenation01.yml	true	false	3.649266	1.8405709959997694	122.519552
jbmc-regression/StringConcatenation02.yml	false	false	3.437916	1.7662378659997557	120.188928
jbmc-regression/StringConcatenation03.yml	false	false	3.480894	1.7581219869998677	119.799808
jbmc-regression/StringConcatenation04.yml	false	false	3.439588	1.7914765209998222	118.931456
jbmc-regression/StringConstructors01.yml	true	true	3.424089	1.744670398999915	117.043200
jbmc-regression/StringConstructors02.yml	false	false	3.486604	1.7738384569993286	120.434688
jbmc-regression/StringConstructors03.yml	false	false	3.349907	1.7172974179993616	118.489088
jbmc-regression/StringConstructors04.yml	false	false	3.570146	1.791329585999847	123.789312
jbmc-regression/StringConstructors05.yml	false	false	3.641658	1.8120547429998624	124.526592
jbmc-regression/StringContains01.yml	false	false	3.542686	1.7823923249998188	120.950784
jbmc-regression/StringContains02.yml	false	false	3.550664	1.7575587920000544	121.667584
jbmc-regression/StringIndexMethods01.yml	true	true	3.481121	1.7459402489994318	116.146176
jbmc-regression/StringIndexMethods02.yml	false	false	3.900988	1.9443818019999526	174.268416
jbmc-regression/StringIndexMethods03.yml	false	false	3.951323	1.9670651300002646	173.924352
jbmc-regression/StringIndexMethods04.yml	false	false	3.830541	1.9347972759996992	174.235648
jbmc-regression/StringIndexMethods05.yml	false	false	3.845614	1.9214669259999937	174.338048
jbmc-regression/StringMiscellaneous01.yml	true	true	3.49391	1.7198514120000254	118.173696
jbmc-regression/StringMiscellaneous02.yml	false	false	3.900046	1.946576338000341	173.981696
jbmc-regression/StringMiscellaneous03.yml	false	false	3.970146	1.9442940939998152	183.242752
jbmc-regression/StringMiscellaneous04.yml	true	true	3.443609	1.7275122910004939	116.326400
jbmc-regression/StringStartEnd01.yml	true	true	3.286968	1.65567779399953	114.864128
jbmc-regression/StringStartEnd02.yml	false	false	3.53224	1.7742052180001338	122.114048
jbmc-regression/StringStartEnd03.yml	false	false	3.576702	1.7568119059997116	123.125760
jbmc-regression/StringValueOf01.yml	true	true	3.320859	1.698434556000393	118.657024
jbmc-regression/StringValueOf02.yml	false	false	3.470226	1.7325452630002474	124.182528
jbmc-regression/StringValueOf03.yml	false	false	3.432319	1.7199546880001435	122.912768
jbmc-regression/StringValueOf04.yml	false	false	3.458279	1.7215361689995916	121.860096
jbmc-regression/StringValueOf05.yml	false	false	3.848915	1.9049713419999534	175.267840
jbmc-regression/StringValueOf06.yml	false	false	3.521064	1.7394321669999044	122.777600
jbmc-regression/StringValueOf07.yml	false	unknown	3.416455	1.71968263799954	117.776384
jbmc-regression/StringValueOf08.yml	false	unknown	3.511878	1.7583007299999736	120.819712
jbmc-regression/StringValueOf09.yml	false	unknown	3.430156	1.7054474480000863	121.421824
jbmc-regression/StringValueOf10.yml	false	false	3.527349	1.7628463929995632	121.155584
jbmc-regression/SubString01.yml	true	true	3.256638	1.6671275340004286	115.924992
jbmc-regression/SubString02.yml	false	false	3.504992	1.727973633000147	119.767040
jbmc-regression/SubString03.yml	false	false	3.598299	1.76404031400034	121.442304
jbmc-regression/TokenTest01.yml	true	true	3.42394	1.7074203339998348	115.953664
jbmc-regression/TokenTest02.yml	false	unknown	3.413205	1.732606895000572	118.767616
jbmc-regression/Validate01.yml	true	true	3.415274	1.7374237470003209	116.301824
jbmc-regression/Validate02.yml	false	unknown	3.491646	1.7265644029994291	118.784000
jbmc-regression/aastore_aaload1.yml	true	true	211.399234	210.26130329400075	217.358336
jbmc-regression/array1.yml	true	true	2.231329	1.0722444869998071	184.631296
jbmc-regression/array2.yml	true	true	3.03567	1.4300551790001919	172.625920
jbmc-regression/arraylength1.yml	true	true	3.85892	1.8882932930000607	174.125056
jbmc-regression/arrayread1.yml	true	true	3.777134	1.8722685849998015	175.206400
jbmc-regression/assert1.yml	true	true	3.70827	1.8384420970005522	172.507136
jbmc-regression/assert2.yml	false	false	3.741911	1.870514717000333	173.039616
jbmc-regression/assert3.yml	false	false	3.760785	1.8908037139999578	173.686784
jbmc-regression/assert4.yml	false	false	3.730883	1.8517964689999644	170.491904
jbmc-regression/assert5.yml	true	true	3.707941	1.8911695010001495	173.973504
jbmc-regression/assert6.yml	true	true	3.844656	1.9006828929996118	173.748224
jbmc-regression/astore_aload1.yml	true	true	3.662624	1.7896626429992466	113.811456
jbmc-regression/athrow1.yml	false	false	3.324273	1.6819034580003063	116.887552
jbmc-regression/basic1.yml	true	true	3.349949	1.6862667320001492	115.851264
jbmc-regression/bitwise1.yml	true	unknown	3.664029	1.8448294809995787	171.773952
jbmc-regression/boolean1.yml	true	true	3.734036	1.8618486669993217	172.802048
jbmc-regression/boolean2.yml	true	true	3.680219	1.8611422919993856	173.576192
jbmc-regression/bug-test-gen-095.yml	false	false	3.439926	1.7496524919997682	121.294848
jbmc-regression/bug-test-gen-119-2.yml	true	true	3.34395	1.7097571059994152	114.782208
jbmc-regression/bug-test-gen-119.yml	true	false	3.778874	1.881587314999706	174.964736
jbmc-regression/calc.yml	true	true	87.374453	85.81492198900014	198.164480
jbmc-regression/cast1.yml	true	unknown	2.054351	1.0132367750002231	174.284800
jbmc-regression/catch1.yml	true	true	2.516824	1.2108288620001986	116.297728
jbmc-regression/char1.yml	true	true	3.740567	1.8708685110004808	174.018560
jbmc-regression/charArray.yml	true	unknown	3.810027	1.926588534000075	172.863488
jbmc-regression/classtest1.yml	true	true	3.188969	1.6279561049996119	116.215808
jbmc-regression/const1.yml	true	true	3.164264	1.6545748620001177	116.543488
jbmc-regression/constructor1.yml	true	true	3.511066	1.6882440350000252	115.838976
jbmc-regression/enum1.yml	true	true	3.504784	1.7485102609998648	115.191808
jbmc-regression/exceptions1.yml	false	false	3.469404	1.7251629299998967	117.116928
jbmc-regression/exceptions10.yml	false	false	3.306394	1.6936545640000986	117.346304
jbmc-regression/exceptions11.yml	false	false	3.448497	1.7011865430004036	115.380224
jbmc-regression/exceptions12.yml	false	false	3.366323	1.6861923779997596	116.240384
jbmc-regression/exceptions13.yml	false	false	3.473139	1.7423978460001308	116.084736
jbmc-regression/exceptions14.yml	true	true	3.374635	1.6838825759996325	116.543488
jbmc-regression/exceptions15.yml	true	true	3.405586	1.715277842999967	115.138560
jbmc-regression/exceptions16.yml	false	false	3.490999	1.7428869499999564	119.607296
jbmc-regression/exceptions18.yml	true	true	3.081121	1.6273470270007238	115.965952
jbmc-regression/exceptions2.yml	false	false	3.436315	1.75152653799978	116.404224
jbmc-regression/exceptions3.yml	false	false	3.42848	1.7104354279999825	116.170752
jbmc-regression/exceptions4.yml	true	true	3.421027	1.7165861510002287	116.076544
jbmc-regression/exceptions5.yml	true	true	3.567041	1.7604311639997832	117.391360
jbmc-regression/exceptions6.yml	false	false	3.415599	1.6940737649993025	117.465088
jbmc-regression/exceptions7.yml	false	false	3.468052	1.7209276680005132	125.837312
jbmc-regression/exceptions8.yml	false	false	3.302256	1.6668709040004615	116.871168
jbmc-regression/exceptions9.yml	true	true	3.342082	1.6880111020000186	116.645888
jbmc-regression/fcmpx_dcmpx1.yml	true	true	3.292001	1.6675685119998889	115.720192
jbmc-regression/iarith1.yml	true	true	3.323761	1.6813496519998807	114.049024
jbmc-regression/iarith2.yml	true	true	3.295451	1.6827760589994796	115.683328
jbmc-regression/if_acmp1.yml	true	true	3.356861	1.6865112779996707	116.445184
jbmc-regression/if_expr1.yml	true	true	3.617237	1.8751435819995095	172.961792
jbmc-regression/if_icmp1.yml	true	true	3.705204	1.8687889029997677	173.346816
jbmc-regression/ifxx1.yml	true	true	3.317938	1.6741120579999915	114.843648
jbmc-regression/instanceof1.yml	true	true	3.217486	1.6832819139999629	115.986432
jbmc-regression/instanceof2.yml	true	true	3.228318	1.645923830999891	114.688000
jbmc-regression/instanceof3.yml	true	true	3.294762	1.6704469169999356	114.999296
jbmc-regression/instanceof4.yml	true	true	3.28093	1.654471034999915	115.761152
jbmc-regression/instanceof5.yml	true	true	3.295007	1.6879168269997535	114.970624
jbmc-regression/instanceof6.yml	true	true	3.276106	1.6722686270004488	116.510720
jbmc-regression/instanceof7.yml	true	true	3.242063	1.6382747039997412	114.724864
jbmc-regression/instanceof8.yml	true	true	3.271503	1.6631012459993144	114.733056
jbmc-regression/interface1.yml	false	false	3.325858	1.6758945239998866	117.555200
jbmc-regression/java_append_char.yml	false	false	3.780169	1.874197625999841	172.761088
jbmc-regression/lazyloading4.yml	true	true	3.172289	1.6208456309996109	115.474432
jbmc-regression/list1.yml	true	true	43.900105	21.93778978499995	624.746496
jbmc-regression/long1.yml	true	true	1.850677	0.9112059899998712	116.346880
jbmc-regression/lookupswitch1.yml	true	true	3.246621	1.5244979899998725	175.529984
jbmc-regression/multinewarray.yml	true	true	3.311389	1.6821666859996185	115.113984
jbmc-regression/overloading1.yml	true	true	3.325658	1.672743929999342	116.682752
jbmc-regression/package1.yml	true	true	3.399991	1.7319647059994168	115.630080
jbmc-regression/putfield_getfield1.yml	true	true	3.302738	1.710826769999585	115.646464
jbmc-regression/putstatic_getstatic1.yml	true	true	3.318881	1.7046477249996315	116.301824
jbmc-regression/recursion2.yml	true	true	3.351206	1.715856920999613	115.912704
jbmc-regression/return1.yml	false	false	3.391032	1.7209596349994172	115.900416
jbmc-regression/return2.yml	false	false	3.867803	1.9545712240005741	174.620672
jbmc-regression/store_load1.yml	true	true	3.426024	1.76972162400034	115.183616
jbmc-regression/swap1.yml	true	true	3.425488	1.775784831999772	115.044352
jbmc-regression/synchronized.yml	true	true	3.327982	1.74646461500015	115.003392
jbmc-regression/tableswitch1.yml	true	true	3.994679	1.9350881660002415	177.270784
jbmc-regression/uninitialised1.yml	true	true	3.240129	1.6719704400002229	114.958336
jbmc-regression/virtual1.yml	true	true	3.371299	1.7005492560001585	121.913344
jbmc-regression/virtual2.yml	false	false	3.250784	1.6544424809999327	115.965952
jbmc-regression/virtual4.yml	true	true	3.250645	1.6497491440004524	115.994624
jbmc-regression/virtual_function_unwinding.yml	true	true	3.262561	1.6617228240002078	116.867072
jpf-regression/ExDarko_false.yml	false	false	3.903656	1.9335669829997642	175.235072
jpf-regression/ExDarko_true.yml	true	true	4.076301	2.025877959999889	174.039040
jpf-regression/ExException_false.yml	false	false	3.742556	1.933612585999981	172.896256
jpf-regression/ExException_true.yml	true	true	3.943996	1.983956035999654	173.531136
jpf-regression/ExGenSymExe_false.yml	false	false	3.470945	1.736935321000601	115.838976
jpf-regression/ExGenSymExe_true.yml	true	true	3.360344	1.704524861000209	118.525952
jpf-regression/ExLazy_false.yml	false	false	4.021872	2.0076608429999396	174.927872
jpf-regression/ExLazy_true.yml	true	true	3.769292	1.918671981999978	173.809664
jpf-regression/ExMIT_false.yml	false	false	3.631129	1.9135047039999336	172.503040
jpf-regression/ExMIT_true.yml	true	true	3.653097	1.882992653000656	172.834816
jpf-regression/ExSymExe10_false.yml	false	false	3.873595	1.893772194000121	174.010368
jpf-regression/ExSymExe10_true.yml	true	true	3.646909	1.8354411770005754	173.535232
jpf-regression/ExSymExe11_false.yml	false	false	3.499681	1.699313021999842	117.542912
jpf-regression/ExSymExe11_true.yml	true	true	3.87369	1.9693935989998863	173.875200
jpf-regression/ExSymExe12_false.yml	false	false	3.749784	1.928967595999893	172.843008
jpf-regression/ExSymExe12_true.yml	true	true	3.689563	1.8520244589999493	173.182976
jpf-regression/ExSymExe13_false.yml	false	false	3.722558	1.9024044869993304	173.592576
jpf-regression/ExSymExe13_true.yml	true	true	3.868942	1.9008682739995493	172.859392
jpf-regression/ExSymExe14_false.yml	false	false	3.796918	1.8735764740004015	173.817856
jpf-regression/ExSymExe14_true.yml	true	true	3.846806	1.8729110490003222	174.493696
jpf-regression/ExSymExe15_false.yml	false	false	3.725214	1.8323691100003998	172.494848
jpf-regression/ExSymExe15_true.yml	true	true	3.651453	1.8657069270002467	173.928448
jpf-regression/ExSymExe16_false.yml	false	false	3.274097	1.6839996979997522	116.752384
jpf-regression/ExSymExe16_true.yml	true	true	3.283985	1.6546614809994935	116.412416
jpf-regression/ExSymExe17_false.yml	false	false	3.40389	1.6982595549998223	114.700288
jpf-regression/ExSymExe17_true.yml	true	true	3.333531	1.6643912220006314	116.776960
jpf-regression/ExSymExe18_false.yml	false	false	3.764722	1.9112499009988824	172.154880
jpf-regression/ExSymExe18_true.yml	true	true	3.362789	1.68834208699991	115.724288
jpf-regression/ExSymExe19_false.yml	false	false	3.737012	1.8682230479989812	174.514176
jpf-regression/ExSymExe19_true.yml	true	true	3.843023	1.9242848659996525	173.592576
jpf-regression/ExSymExe1_false.yml	false	false	3.943949	1.9833843409996916	175.460352
jpf-regression/ExSymExe1_true.yml	true	true	3.390877	1.7121456089989806	116.224000
jpf-regression/ExSymExe20_false.yml	false	false	3.852391	1.9014564330009307	174.493696
jpf-regression/ExSymExe20_true.yml	true	true	3.392202	1.7070218789995124	115.195904
jpf-regression/ExSymExe21_false.yml	false	false	3.786321	1.8939364249999926	172.204032
jpf-regression/ExSymExe21_true.yml	true	true	3.254029	1.676378812000621	114.794496
jpf-regression/ExSymExe25_false.yml	false	false	3.861869	1.932852758000081	174.374912
jpf-regression/ExSymExe25_true.yml	true	true	3.486043	1.7247957090003183	115.937280
jpf-regression/ExSymExe26_false.yml	false	false	3.850542	1.8945765730004496	174.395392
jpf-regression/ExSymExe26_true.yml	true	true	3.255399	1.6498140040002909	116.334592
jpf-regression/ExSymExe27_false.yml	false	false	3.890615	1.9240828600013629	174.391296
jpf-regression/ExSymExe27_true.yml	true	true	3.407621	1.766737459000069	116.224000
jpf-regression/ExSymExe28_false.yml	false	false	3.867377	1.9436735029994452	174.985216
jpf-regression/ExSymExe28_true.yml	true	true	3.349698	1.7020514830001048	114.909184
jpf-regression/ExSymExe29_false.yml	false	false	3.928053	1.9054782080002042	177.725440
jpf-regression/ExSymExe29_true.yml	true	true	3.426636	1.7118154559993854	115.916800
jpf-regression/ExSymExe2_false.yml	false	false	3.980157	1.9383321990007971	174.510080
jpf-regression/ExSymExe2_true.yml	true	true	3.378045	1.6830268720004824	115.257344
jpf-regression/ExSymExe3_false.yml	false	false	3.877974	1.952222358999279	174.825472
jpf-regression/ExSymExe3_true.yml	true	true	3.333108	1.7123164660006296	115.970048
jpf-regression/ExSymExe4_false.yml	false	false	4.002925	1.9730083270005707	174.764032
jpf-regression/ExSymExe4_true.yml	true	true	3.375457	1.7292902859990136	119.853056
jpf-regression/ExSymExe5_false.yml	false	false	3.845821	1.89681377099987	174.301184
jpf-regression/ExSymExe5_true.yml	true	true	3.442949	1.740415808000762	115.105792
jpf-regression/ExSymExe6_false.yml	false	false	3.715664	1.9027489769996464	173.809664
jpf-regression/ExSymExe6_true.yml	true	true	3.416714	1.7343243939994863	116.707328
jpf-regression/ExSymExe7_false.yml	false	false	3.864161	1.932289196000056	175.616000
jpf-regression/ExSymExe7_true.yml	true	true	3.859272	1.9520563860005495	174.682112
jpf-regression/ExSymExe8_false.yml	false	false	3.90416	1.9479028880014084	175.190016
jpf-regression/ExSymExe8_true.yml	true	true	3.30924	1.7227730009999505	115.421184
jpf-regression/ExSymExe9_false.yml	false	false	3.418475	1.7001463100004912	117.161984
jpf-regression/ExSymExe9_true.yml	true	true	3.354623	1.7086008690002927	116.539392
jpf-regression/ExSymExeArrays_false.yml	false	false	3.499763	1.7420098490001692	115.470336
jpf-regression/ExSymExeArrays_true.yml	true	true	3.334915	1.7138882460003515	115.154944
jpf-regression/ExSymExeBool_false.yml	false	false	3.66734	1.8343183629986015	116.760576
jpf-regression/ExSymExeBool_true.yml	true	true	3.496676	1.80221488800089	115.384320
jpf-regression/ExSymExeComplexMath_false.yml	false	false	3.608775	1.8511741629990865	115.478528
jpf-regression/ExSymExeComplexMath_true.yml	true	true	2.806312	1.4602180530000624	115.810304
jpf-regression/ExSymExeD2I_false.yml	false	false	2.146035	1.1116570260001026	116.764672
jpf-regression/ExSymExeD2I_true.yml	true	true	2.61557	1.3008000299996638	169.095168
jpf-regression/ExSymExeD2L_false.yml	false	false	2.580488	1.2905719280006451	174.383104
jpf-regression/ExSymExeD2L_true.yml	true	true	2.518906	1.2663860800003022	169.332736
jpf-regression/ExSymExeF2I_false.yml	false	false	2.028425	1.0523556299995107	116.158464
jpf-regression/ExSymExeF2I_true.yml	true	true	2.337628	1.2011590250003792	169.213952
jpf-regression/ExSymExeF2L_false.yml	false	true	2.452986	1.2500965379986155	168.509440
jpf-regression/ExSymExeF2L_true.yml	true	true	2.927556	1.4413712269997632	172.457984
jpf-regression/ExSymExeFNEG_false.yml	false	true	2.522742	1.271024364999903	168.972288
jpf-regression/ExSymExeFNEG_true.yml	true	true	2.226231	1.1610599710002134	171.417600
jpf-regression/ExSymExeGetStatic_false.yml	false	false	2.202472	1.07697734499925	116.506624
jpf-regression/ExSymExeGetStatic_true.yml	true	true	2.987352	1.4446841700009827	117.080064
jpf-regression/ExSymExeI2D_false.yml	false	false	4.34423	2.1292525449989625	176.029696
jpf-regression/ExSymExeI2D_true.yml	true	unknown	4.059134	2.008546267999918	171.040768
jpf-regression/ExSymExeI2F_false.yml	false	false	3.539578	1.8164827969994803	116.338688
jpf-regression/ExSymExeI2F_true.yml	true	true	3.845373	1.9876957860014954	173.613056
jpf-regression/ExSymExeLCMP_false.yml	false	false	2.994997	1.5315622179987258	173.420544
jpf-regression/ExSymExeLCMP_true.yml	true	true	3.138257	1.5057641299990792	173.686784
jpf-regression/ExSymExeLongBytecodes_false.yml	false	false	4.202789	2.041878624999299	174.018560
jpf-regression/ExSymExeLongBytecodes_true.yml	true	true	3.878015	1.8729931699999725	175.706112
jpf-regression/ExSymExeResearch_false.yml	false	false	4.11061	1.995739529000275	174.665728
jpf-regression/ExSymExeResearch_true.yml	true	true	4.335204	2.0767019069990056	174.878720
jpf-regression/ExSymExeSimple_false.yml	false	false	4.039091	2.0352169629986747	172.437504
jpf-regression/ExSymExeSimple_true.yml	true	true	4.400835	2.128042151000045	174.755840
jpf-regression/ExSymExeSuzette_false.yml	false	false	3.297243	1.711214237000604	174.346240
jpf-regression/ExSymExeSuzette_true.yml	true	true	3.338752	1.6326444240003184	174.514176
jpf-regression/ExSymExeSwitch_false.yml	false	false	2.711268	1.4010660040003131	173.891584
jpf-regression/ExSymExeSwitch_true.yml	true	true	2.377879	1.154942495000796	173.453312
jpf-regression/ExSymExeTestAssignments_false.yml	false	false	2.54229	1.3061477619994548	169.132032
jpf-regression/ExSymExeTestAssignments_true.yml	true	true	3.114168	1.7576716180010408	173.248512
jpf-regression/ExSymExeTestClassFields_false.yml	false	false	4.813006	2.9675241530003404	172.187648
jpf-regression/ExSymExeTestClassFields_true.yml	true	true	3.966427	2.674147902000186	172.023808
jpf-regression/ExSymExe_false.yml	false	false	2.681227	1.3606171480005287	116.244480
jpf-regression/ExSymExe_true.yml	true	true	2.757736	1.5245332430004055	116.097024
jpf-regression/TestLazy_false.yml	false	false	2.83811	1.435077361000367	171.028480
jpf-regression/TestLazy_true.yml	true	true	2.436883	1.2679836560000695	171.556864
java-ranger-regression/LoopCharAt.yml	false	true	3.854388	1.6888345330007724	221.360128
java-ranger-regression/TCAS_prop1.yml	false	false	3.601161	1.6381956039986107	217.784320
java-ranger-regression/TCAS_prop2.yml	true	true	6.944037	3.3841684259987233	327.131136
java-ranger-regression/TCAS_prop3.yml	true	true	6.260148	3.037984545000654	322.031616
java-ranger-regression/apachecli_eqchk.yml	true	true	35.340834	15.815516876000402	557.936640
java-ranger-regression/schedule_eqchk.yml	true	true	7.490313	3.0764676409999083	319.635456
java-ranger-regression/WBS/WBS_prop1.yml	false	false	2.81503	1.3813232880002033	179.236864
java-ranger-regression/WBS/WBS_prop2.yml	true	true	7.614841	3.4552886040000885	318.050304
java-ranger-regression/WBS/WBS_prop3.yml	false	false	2.728504	1.3070645610005158	175.431680
java-ranger-regression/WBS/WBS_prop4.yml	false	false	7.241854	3.3780983649994596	321.867776
java-ranger-regression/alarm/Alarm_prop1.yml	true	true	3.588364	1.5256482349996077	186.060800
java-ranger-regression/alarm/Alarm_prop10.yml	true	true	3.825475	1.654231988999527	186.126336
java-ranger-regression/alarm/Alarm_prop2.yml	true	true	3.600201	1.5742858449993946	189.435904
java-ranger-regression/alarm/Alarm_prop3.yml	true	true	3.234278	1.3931993240003067	188.985344
java-ranger-regression/alarm/Alarm_prop4.yml	true	true	3.663026	1.5818060900001	190.930944
java-ranger-regression/alarm/Alarm_prop5.yml	true	true	4.17358	1.7465627839992521	190.599168
java-ranger-regression/alarm/Alarm_prop6.yml	true	true	5.628895	2.3863585550006974	187.576320
java-ranger-regression/alarm/Alarm_prop8.yml	true	true	5.778873	2.526190766999207	186.966016
java-ranger-regression/alarm/Alarm_prop9.yml	true	true	5.603277	2.4409616379998624	190.615552
java-ranger-regression/infusion/Infusion_prop1.yml	true	true	5.750781	2.4094717879997916	190.431232
java-ranger-regression/infusion/Infusion_prop10.yml	true	true	5.474509	2.357411842998772	185.700352
java-ranger-regression/infusion/Infusion_prop11.yml	true	true	5.274979	2.3576792610001576	179.654656
java-ranger-regression/infusion/Infusion_prop12.yml	true	true	4.01124	1.8232644850013457	187.392000
java-ranger-regression/infusion/Infusion_prop13.yml	true	true	3.104622	1.4050742979998176	185.921536
java-ranger-regression/infusion/Infusion_prop2.yml	true	true	3.252344	1.423347971000112	179.593216
java-ranger-regression/infusion/Infusion_prop3.yml	true	true	3.297673	1.4293629359999613	189.894656
java-ranger-regression/infusion/Infusion_prop4.yml	true	true	3.370744	1.5390205740004603	186.826752
java-ranger-regression/infusion/Infusion_prop5.yml	true	true	3.905491	1.8776965600009135	186.425344
java-ranger-regression/infusion/Infusion_prop6.yml	true	true	4.156001	1.899579425000411	172.900352
java-ranger-regression/infusion/Infusion_prop7.yml	true	true	3.849815	1.7734956830008741	185.233408
java-ranger-regression/infusion/Infusion_prop8.yml	true	true	3.858078	1.8131323769994196	185.950208
java-ranger-regression/infusion/Infusion_prop9.yml	true	true	4.028838	1.8834030519992666	179.535872
java-ranger-regression/siena_eqchk/siena_prop1.yml	true	unknown	10.882635	4.388772441998299	305.745920
java-ranger-regression/siena_eqchk/siena_prop2.yml	false	false	7.057532	2.7142965059993003	304.881664
java-ranger-regression/replace5_eqchk/replace5_prop1.yml	true	true	11.133213	4.642020437999236	482.377728
java-ranger-regression/replace5_eqchk/replace5_prop2.yml	false	false	3.09564	1.3843547729993588	178.233344
java-ranger-regression/nanoxml_eqchk/nanoxml_prop1.yml	true	unknown	5.582411	2.391886634999537	183.050240
java-ranger-regression/nanoxml_eqchk/nanoxml_prop2.yml	false	unknown	5.550107	2.398580731000038	175.136768
java-ranger-regression/nanoxml_eqchk/nanoxml_prop3.yml	false	unknown	5.770417	2.406715617998998	184.844288
java-ranger-regression/printtokens_eqchk/printtokens_prop1.yml	true	unknown	4.653254	2.1255204190001677	180.203520
java-ranger-regression/printtokens_eqchk/printtokens_prop2.yml	false	false	4.323907	2.057142928000758	177.156096
MinePump/spec1-5_product1.yml	false	false	4.407561	2.0956265019995044	178.868224
MinePump/spec1-5_product10.yml	false	false	4.373684	2.05977818700012	179.613696
MinePump/spec1-5_product11.yml	false	false	7.292121	3.0165836710002623	221.835264
MinePump/spec1-5_product12.yml	false	false	4.919764	2.2439575030002743	193.380352
MinePump/spec1-5_product13.yml	false	false	4.402086	2.1188118549998762	180.678656
MinePump/spec1-5_product14.yml	false	false	4.476022	2.0768003449993557	178.978816
MinePump/spec1-5_product15.yml	false	false	7.376802	3.048129691998838	233.242624
MinePump/spec1-5_product16.yml	false	false	4.785885	2.1807693710015883	192.983040
MinePump/spec1-5_product17.yml	false	false	4.277122	2.0065113759992528	180.035584
MinePump/spec1-5_product18.yml	false	false	4.050608	1.969314605999898	166.354944
MinePump/spec1-5_product19.yml	false	false	7.287797	3.0463478149995353	232.181760
MinePump/spec1-5_product2.yml	false	false	4.553597	2.1649417270000413	184.160256
MinePump/spec1-5_product20.yml	false	false	5.254954	2.506195990001288	193.331200
MinePump/spec1-5_product21.yml	false	false	2.494146	1.1736636989990075	185.683968
MinePump/spec1-5_product22.yml	false	false	2.261238	1.075457743001607	176.570368
MinePump/spec1-5_product23.yml	false	false	4.338192	1.7635452899994561	233.332736
MinePump/spec1-5_product24.yml	false	false	4.25884	1.8445026320005127	195.694592
MinePump/spec1-5_product25.yml	false	false	4.396024	2.054343964999134	181.751808
MinePump/spec1-5_product26.yml	false	false	4.294531	2.0221961439983716	181.706752
MinePump/spec1-5_product27.yml	false	false	7.568877	3.1019823490005365	231.530496
MinePump/spec1-5_product28.yml	false	false	4.887474	2.187448313999994	187.129856
MinePump/spec1-5_product29.yml	false	false	4.431321	2.063220801999705	187.068416
MinePump/spec1-5_product3.yml	false	false	7.474434	3.1480636079995747	234.336256
MinePump/spec1-5_product30.yml	false	false	4.440095	2.0495200300010765	175.869952
MinePump/spec1-5_product31.yml	false	false	7.299518	3.0311555429998407	230.977536
MinePump/spec1-5_product32.yml	false	false	4.892692	2.242807085000095	183.533568
MinePump/spec1-5_product33.yml	false	false	4.658742	2.2453268539993587	174.747648
MinePump/spec1-5_product34.yml	false	false	3.786371	1.968003095998938	174.071808
MinePump/spec1-5_product35.yml	false	false	5.109531	2.183296605999203	226.299904
MinePump/spec1-5_product36.yml	false	false	3.537358	1.7444915100004437	195.465216
MinePump/spec1-5_product37.yml	false	false	3.036173	1.467740309999499	177.807360
MinePump/spec1-5_product38.yml	false	false	2.739806	1.3435992390004685	174.682112
MinePump/spec1-5_product39.yml	false	false	4.65646	1.9359068630001275	226.795520
MinePump/spec1-5_product4.yml	false	false	3.04897	1.3533856970007037	194.158592
MinePump/spec1-5_product40.yml	false	false	3.153939	1.4703564100000222	193.683456
MinePump/spec1-5_product41.yml	false	false	4.531424	2.067501674000596	187.604992
MinePump/spec1-5_product42.yml	false	false	4.576938	2.110440071000994	184.332288
MinePump/spec1-5_product43.yml	false	false	7.601002	3.138517832998332	233.664512
MinePump/spec1-5_product44.yml	false	false	4.640345	2.0624447610007337	197.582848
MinePump/spec1-5_product45.yml	false	false	4.520603	2.11245868900005	193.617920
MinePump/spec1-5_product46.yml	false	false	4.589614	2.1408187990000442	193.253376
MinePump/spec1-5_product47.yml	false	false	7.573827	3.244458927998494	224.600064
MinePump/spec1-5_product48.yml	false	false	4.104197	1.8286899960003211	194.359296
MinePump/spec1-5_product49.yml	false	false	2.87325	1.3632929289997264	175.124480
MinePump/spec1-5_product5.yml	false	false	2.337221	1.1225788920000923	184.938496
MinePump/spec1-5_product50.yml	false	false	4.090734	1.9113299879991246	175.878144
MinePump/spec1-5_product51.yml	false	false	7.399928	3.0979349560002447	229.859328
MinePump/spec1-5_product52.yml	false	false	4.694222	2.1401070459996845	181.600256
MinePump/spec1-5_product53.yml	false	false	4.36497	2.0668488970004546	174.292992
MinePump/spec1-5_product54.yml	false	false	4.205936	2.0277745080002205	178.479104
MinePump/spec1-5_product55.yml	false	false	7.363477	3.0224295989992243	231.317504
MinePump/spec1-5_product56.yml	false	false	4.183347	1.9076335540012224	191.574016
MinePump/spec1-5_product57.yml	true	true	13.949066	6.6772516399996675	486.776832
MinePump/spec1-5_product58.yml	true	true	10.497375	5.192894658001023	515.465216
MinePump/spec1-5_product59.yml	true	true	10.844006	5.077971848000743	512.536576
MinePump/spec1-5_product6.yml	false	false	2.777661	1.2650693680006952	184.479744
MinePump/spec1-5_product60.yml	true	true	13.283241	5.679540335000638	484.098048
MinePump/spec1-5_product61.yml	true	true	10.072613	5.047724422000101	510.046208
MinePump/spec1-5_product62.yml	true	true	9.618189	4.833853610998631	514.408448
MinePump/spec1-5_product63.yml	true	true	10.749456	4.609680858000502	515.637248
MinePump/spec1-5_product64.yml	true	true	11.800248	5.226734611998836	533.377024
MinePump/spec1-5_product7.yml	false	false	5.111944	2.1912247390009725	234.491904
MinePump/spec1-5_product8.yml	false	false	3.177667	1.4375418970012106	191.975424
MinePump/spec1-5_product9.yml	false	false	3.419314	1.489028818999941	179.224576
algorithms/BellmanFord-FunSat01.yml	true	true	4.539373	2.178051171998959	189.595648
algorithms/BellmanFord-FunSat02.yml	false	unknown	3.907164	1.915866981000363	171.503616
algorithms/BellmanFord-FunUnsat01.yml	false	false	4.515919	2.134183635998852	186.961920
algorithms/BellmanFord-FunUnsat02.yml	false	unknown	3.853234	1.9864557829987461	173.350912
algorithms/BellmanFord-MemSat01.yml	true	true	4.552703	2.1627378910015977	188.243968
algorithms/BellmanFord-MemSat02.yml	true	unknown	3.769016	1.947170212999481	171.892736
algorithms/BellmanFord-MemUnsat01.yml	false	false	4.629863	2.2091810990004888	186.155008
algorithms/BellmanFord-MemUnsat02.yml	false	unknown	3.682508	1.8788309920000756	172.331008
algorithms/BinaryTreeSearch-FunSat01.yml	true	true	8.49723	3.5711495320010727	234.803200
algorithms/BinaryTreeSearch-FunUnsat01.yml	false	false	4.049738	1.9738271379992511	178.319360
algorithms/BinaryTreeSearch-MemSat01.yml	true	true	7.823011	3.3166765390014916	241.651712
algorithms/BinaryTreeSearch-MemUnsat01.yml	false	false	3.113421	1.5157470089998242	162.840576
algorithms/BinaryTreeSearch-MemUnsat02.yml	false	false	3.959015	1.9950510089984164	174.649344
algorithms/InsertionSort-FunSat01.yml	true	true	4.50594	2.1329672140000184	191.184896
algorithms/InsertionSort-FunSat02.yml	true	true	4.500588	2.167775048999829	192.393216
algorithms/InsertionSort-FunUnsat01.yml	false	true	4.410673	2.104099156000302	189.886464
algorithms/InsertionSort-MemSat01.yml	true	true	4.39824	2.0976742830007424	190.091264
algorithms/InsertionSort-MemUnsat01.yml	false	false	4.275317	2.0502412050009298	185.696256
algorithms/MergeSortIterative-FunSat01.yml	true	true	4.683565	2.218878460000269	190.418944
algorithms/MergeSortIterative-FunSat02.yml	true	true	4.526729	2.141869401000804	190.873600
algorithms/MergeSortIterative-FunUnsat01.yml	false	unknown	4.796101	2.2484884860004968	191.401984
algorithms/MergeSortIterative-MemSat01.yml	false	true	4.620304	2.191432284000257	190.189568
algorithms/MergeSortIterative-MemUnsat01.yml	false	true	4.573351	2.1468244179995963	191.000576
algorithms/RedBlackTree-FunSat01.yml	true	true	5.36771	2.42062358000112	206.745600
algorithms/RedBlackTree-FunUnsat01.yml	false	false	4.853281	2.2368912900001305	195.158016
algorithms/RedBlackTree-MemSat01.yml	true	true	9.720316	3.8746710239993263	245.415936
algorithms/RedBlackTree-MemUnsat01.yml	false	false	3.696511	1.619140488000994	197.025792
algorithms/SortedListInsert-FunSat01.yml	true	true	5.115046	2.0514751730006537	238.190592
algorithms/SortedListInsert-FunSat02.yml	true	true	5.661811	2.39094954400025	248.156160
algorithms/SortedListInsert-FunUnsat01.yml	false	false	2.858433	1.336735292999947	199.966720
algorithms/SortedListInsert-MemSat01.yml	true	true	4.187202	1.7856597329991928	236.527616
algorithms/SortedListInsert-MemUnsat01.yml	false	false	2.171548	1.1349755360006384	173.682688
algorithms/Trie-FunSat01.yml	true	true	2.814886	1.3389930079993064	173.391872
algorithms/Trie-FunUnsat01.yml	false	false	2.675608	1.3306588870000269	174.329856
algorithms/Trie-MemSat01.yml	true	true	2.663155	1.2615473879995989	176.226304
algorithms/Trie-MemUnsat01.yml	false	false	4.243387	2.01068379300159	174.710784
algorithms/Tsp-FunSat01.yml	false	unknown	3.985461	2.0100188729993533	172.171264
algorithms/Tsp-FunUnsat01.yml	false	unknown	4.011268	1.9659033629995974	172.466176
algorithms/Tsp-MemSat01.yml	true	unknown	3.730791	1.846931542000675	169.668608
algorithms/Tsp-MemUnsat01.yml	false	unknown	2.940525	1.4976204140002665	171.606016
juliet-java/CWE369_Divide_by_Zero__float_connect_tcp_divide_01_bad.yml	false	unknown	3.103413	1.494585938000455	119.607296
juliet-java/CWE369_Divide_by_Zero__float_connect_tcp_divide_01_bad_version2.yml	false	unknown	3.18178	1.52609209000002	120.803328
juliet-java/CWE369_Divide_by_Zero__float_connect_tcp_divide_01_good.yml	true	unknown	3.213951	1.5431810509999195	125.710336
juliet-java/CWE369_Divide_by_Zero__float_connect_tcp_divide_81a_bad.yml	false	unknown	3.060546	1.4816734889991494	122.519552
juliet-java/CWE369_Divide_by_Zero__float_connect_tcp_divide_81a_bad_version2.yml	false	unknown	2.602149	1.249622586001351	121.282560
juliet-java/CWE369_Divide_by_Zero__float_connect_tcp_divide_81a_good.yml	true	unknown	2.588479	1.161354656000185	121.372672
juliet-java/CWE369_Divide_by_Zero__float_console_readLine_divide_54_bad.yml	false	unknown	2.501756	1.2238616979993822	121.249792
juliet-java/CWE369_Divide_by_Zero__float_console_readLine_divide_54_bad_version2.yml	false	unknown	2.403528	1.1010549660004472	121.421824
juliet-java/CWE369_Divide_by_Zero__float_console_readLine_divide_54_good.yml	true	unknown	2.687771	1.2537853730009374	122.568704
jdart-regression/OverapproximationString01.yml	false	false	2.393015	1.1725857609999366	122.142720
jdart-regression/URLDecoder01.yml	true	false	2.654285	1.3494765630002803	125.644800
jdart-regression/URLDecoder02.yml	false	false	2.305554	1.1420075130008627	124.981248
jdart-regression/addition01.yml	false	true	2.685303	1.3135798230014188	180.342784
jdart-regression/array-iteration01.yml	false	false	2.514277	1.2082788980005716	212.238336
jdart-regression/boundcheck100.yml	false	false	5.540816	2.392763013000149	256.790528
jdart-regression/boundcheck200.yml	false	false	9.303602	4.438968116000979	507.002880
jdart-regression/boundcheck30.yml	false	false	2.853786	1.3428890960003628	185.651200
jdart-regression/double2long.yml	false	true	4.023035	1.9830108049991395	170.377216
jdart-regression/float.yml	false	true	3.240003	1.7569223929986038	159.170560
jdart-regression/list2.yml	true	true	24.824379	11.861040146999585	567.947264
jdart-regression/radians.yml	false	unknown	2.236001	1.1566383340014	118.177792
jdart-regression/shifting.yml	false	unknown	2.646361	1.3413507929999469	173.092864
jdart-regression/shifting2.yml	false	unknown	2.443704	1.2758120960006636	173.535232
jdart-regression/shifting3.yml	false	unknown	2.700821	1.3661499950012512	173.178880
jdart-regression/startswith.yml	true	false	2.382136	1.1793885530005355	120.807424
securibench/Aliasing1.yml	false	false	4.828083	1.8599335130002146	128.659456
securibench/Aliasing2.yml	true	true	5.257883	1.9995202779991814	125.685760
securibench/Aliasing3.yml	true	true	9.482093	3.479522308000014	125.923328
securibench/Aliasing4.yml	false	false	9.262667	3.595018825000807	128.974848
securibench/Aliasing5.yml	false	false	8.566108	3.2305356199995003	128.802816
securibench/Aliasing6.yml	false	false	5.60599	2.155880103999152	131.416064
securibench/Arrays1.yml	false	false	7.478998	2.7862069149996387	128.704512
securibench/Arrays10.yml	false	unknown	8.46207	3.2595566299987695	127.602688
securibench/Arrays2.yml	false	false	5.615423	2.2221755590016983	132.919296
securibench/Arrays3.yml	false	false	4.943133	1.9139605609998398	129.183744
securibench/Arrays4.yml	false	false	5.13018	2.0116781430006085	126.873600
securibench/Arrays5.yml	true	true	7.94116	2.962857275000715	124.452864
securibench/Arrays6.yml	false	false	8.645369	3.398975670001164	128.393216
securibench/Arrays7.yml	false	false	5.917282	2.2092004220012313	127.401984
securibench/Arrays8.yml	false	false	6.079475	2.3462636889998976	128.851968
securibench/Arrays9.yml	false	false	6.993536	2.737760624000657	127.823872
securibench/Basic1.yml	false	false	4.75891	1.8518190729992057	126.226432
securibench/Basic10.yml	false	false	4.620914	1.8318504089984344	127.516672
securibench/Basic11.yml	false	unknown	4.899567	1.8641715089997888	120.758272
securibench/Basic12.yml	false	false	4.908733	1.9509796090005693	179.765248
securibench/Basic15.yml	false	false	4.750643	1.879684831999839	128.598016
securibench/Basic16.yml	false	false	5.663954	2.1574281100001826	128.118784
securibench/Basic17.yml	false	false	6.512815	2.518164680001064	128.372736
securibench/Basic18.yml	false	false	9.200652	3.424525803000506	158.867456
securibench/Basic19.yml	false	false	4.530782	1.7885080149990245	123.047936
securibench/Basic2.yml	false	false	4.914502	1.901589008000883	180.232192
securibench/Basic20.yml	false	false	4.807194	1.8810921700005565	124.669952
securibench/Basic21.yml	false	unknown	10.396935	3.7973059590003686	156.078080
securibench/Basic24.yml	false	unknown	5.566271	2.1851013179984875	146.362368
securibench/Basic25.yml	false	unknown	5.298517	1.9953463889996783	145.424384
securibench/Basic26.yml	false	false	6.560365	2.560130804999062	129.003520
securibench/Basic27.yml	false	false	9.809077	3.9006750999997166	133.623808
securibench/Basic28.yml	true	true	6.902752	2.754844592000154	125.116416
securibench/Basic29.yml	false	false	4.851651	1.917514774000665	127.242240
securibench/Basic3.yml	false	unknown	4.622417	1.859882746999574	125.190144
securibench/Basic30.yml	false	false	4.549346	1.7954988660003437	129.122304
securibench/Basic31.yml	false	false	4.951308	1.9795108060006896	128.344064
securibench/Basic32.yml	false	false	5.549137	2.133076300000539	129.294336
securibench/Basic33.yml	false	false	4.640975	1.8628800949991273	126.730240
securibench/Basic34.yml	false	false	4.693888	1.835036755001056	128.233472
securibench/Basic35.yml	false	false	4.58009	1.7949043560001883	129.511424
securibench/Basic37.yml	false	false	5.684463	2.1523601110002346	184.967168
securibench/Basic38.yml	false	false	7.627601	2.9219755499998428	184.369152
securibench/Basic39.yml	false	false	8.812309	3.3000258459996985	188.256256
securibench/Basic4.yml	false	false	7.12927	2.700232376000713	179.236864
securibench/Basic5.yml	false	unknown	6.709879	2.59714834299848	120.127488
securibench/Basic6.yml	true	unknown	7.897939	3.0631790579991502	119.955456
securibench/Basic7.yml	false	unknown	5.605912	2.11887704199944	125.206528
securibench/Basic8.yml	true	true	5.477188	2.099792196000635	121.360384
securibench/Basic9.yml	false	false	7.121376	2.681298824998521	180.441088
securibench/Collections1.yml	false	false	7.556325	2.9720546739990823	129.019904
securibench/Collections10.yml	false	false	10.204933	3.7768097539992596	130.256896
securibench/Collections12.yml	false	false	8.755258	3.239987883998765	127.987712
securibench/Collections13.yml	false	true	6.484287	2.442342671998631	126.017536
securibench/Collections14.yml	false	false	9.303173	3.412408330001199	180.338688
securibench/Collections2.yml	false	false	5.813694	2.173792654999488	129.585152
securibench/Collections3.yml	false	false	7.481438	2.8546460070010653	131.641344
securibench/Collections4.yml	false	false	5.190939	2.0859954890001973	128.720896
securibench/Collections5.yml	false	false	4.93906	1.9420143579991418	127.737856
securibench/Collections6.yml	false	false	4.85629	1.8790053129996522	128.053248
securibench/Collections7.yml	false	false	5.242287	2.0025837369994406	128.811008
securibench/Collections8.yml	true	true	7.566784	2.8869224670015683	128.352256
securibench/Collections9.yml	true	unknown	5.910944	2.3088310249986534	125.812736
securibench/Datastructures1.yml	false	false	4.851864	1.8542958159996488	127.406080
securibench/Datastructures2.yml	false	false	5.291152	2.08592934599983	126.509056
securibench/Datastructures3.yml	false	false	5.268553	2.0403544170003443	128.811008
securibench/Datastructures4.yml	true	true	4.364555	1.758118428000671	121.851904
securibench/Datastructures5.yml	false	unknown	7.782156	3.0009739590004756	120.770560
securibench/Datastructures6.yml	false	false	7.636097	2.942142920999686	254.009344
securibench/Factories1.yml	false	unknown	4.703981	1.8636023019989807	122.302464
securibench/Factories2.yml	false	false	4.576689	1.824190956000166	128.712704
securibench/Factories3.yml	false	false	4.81819	1.8860602289987582	128.819200
securibench/Inter1.yml	false	false	9.315475	3.477875684000537	126.947328
securibench/Inter10.yml	false	unknown	7.110561	2.746992610000234	122.482688
securibench/Inter11.yml	false	unknown	9.5915	3.5278848520010797	122.433536
securibench/Inter12.yml	false	false	6.602544	2.6153425209995476	134.483968
securibench/Inter13.yml	false	false	6.722975	2.530482063999443	146.264064
securibench/Inter14.yml	false	false	9.786139	3.6949453449997236	145.195008
securibench/Inter2.yml	false	false	9.05218	3.3837499620003655	130.248704
securibench/Inter3.yml	false	false	7.588329	2.9288876190003066	128.741376
securibench/Inter4.yml	false	false	5.135424	2.0360393390001263	128.258048
securibench/Inter5.yml	false	unknown	5.462744	2.033556061998752	126.029824
securibench/Inter6.yml	false	false	8.457173	3.155583536999984	126.496768
securibench/Inter7.yml	false	false	7.464381	2.938688201000332	127.942656
securibench/Inter8.yml	false	false	4.939926	1.9389500670004054	126.595072
securibench/Inter9.yml	false	unknown	4.842981	1.948856821998561	120.086528
securibench/Pred1.yml	true	true	4.53978	1.7632182800007286	121.036800
securibench/Pred2.yml	false	false	7.389569	2.866538145000959	180.801536
securibench/Pred3.yml	true	true	8.703156	3.4838282099990465	178.200576
securibench/Pred4.yml	false	false	6.087243	2.338318446998528	127.647744
securibench/Pred5.yml	false	false	8.186244	3.1240620349999517	128.282624
securibench/Pred6.yml	true	true	8.63338	3.212540201000593	122.695680
securibench/Pred7.yml	true	true	9.030311	3.419638457000474	123.367424
securibench/Pred8.yml	false	false	9.024672	3.4358856940016267	128.167936
securibench/Pred9.yml	true	false	8.509711	3.16036693299975	132.681728
securibench/Refl1.yml	false	false	7.977863	2.9594751239983452	132.878336
securibench/Refl2.yml	false	true	6.497533	2.5802955139988626	126.427136
securibench/Refl3.yml	false	false	7.628625	2.870561613999598	128.475136
securibench/Refl4.yml	false	false	6.186993	2.3774544990010327	128.221184
securibench/Sanitizers1.yml	false	false	7.813625	3.00745245699909	184.877056
securibench/Sanitizers2.yml	true	false	8.910106	3.368643006999264	194.666496
securibench/Sanitizers3.yml	true	unknown	5.719529	2.142450662999181	153.505792
securibench/Sanitizers4.yml	false	false	5.609549	2.0995110950007074	186.707968
securibench/Sanitizers5.yml	false	unknown	6.541388	2.4278415919998224	157.937664
securibench/Sanitizers6.yml	true	false	9.104484	3.4276716690001194	192.479232
securibench/Session1.yml	false	false	6.918517	2.6083677129990974	134.369280
securibench/Session2.yml	false	false	8.585914	3.253016511000169	127.197184
securibench/Session3.yml	false	false	7.505385	2.9040399429995887	128.835584
securibench/StrongUpdates1.yml	true	true	7.614189	2.9120328280005197	125.349888
securibench/StrongUpdates2.yml	true	true	9.776228	3.877001262999329	124.936192
securibench/StrongUpdates3.yml	true	true	9.455032	3.5920118930007447	125.321216
securibench/StrongUpdates4.yml	true	true	7.212482	2.8329580450008507	124.788736
securibench/StrongUpdates5.yml	true	unknown	6.508515	2.5378281980010797	121.683968
float-nonlinear-calculation/Bessel.yml	true	true	4.913288	2.3475807510003506	172.445696
float-nonlinear-calculation/Conflict.yml	true	true	5.907831	2.88248011900032	172.478464
float-nonlinear-calculation/EulerMethod.yml	false	false	7.48935	3.395855279999523	418.365440
float-nonlinear-calculation/MathSin.yml	false	unknown	5.506764	2.328177855000831	117.936128
float-nonlinear-calculation/Optimization1.yml	false	true	5.948636	2.6842903009983274	173.207552
float-nonlinear-calculation/Optimization2.yml	false	true	5.7228	2.5794555510001373	173.019136
float-nonlinear-calculation/Optimization3.yml	false	true	3.661418	1.6291417880001973	172.544000
float-nonlinear-calculation/Optimization4.yml	false	true	4.281104	1.8177951889992983	170.463232
float-nonlinear-calculation/Optimization5.yml	false	false	7.798922	3.302650691999588	174.555136
float-nonlinear-calculation/Optimization6.yml	false	true	8.027001	3.4704279729994596	173.948928
float-nonlinear-calculation/PartitionEx.yml	true	true	2.051401	1.1716413930007548	169.394176
float-nonlinear-calculation/TurnLogic.yml	true	true	1.799286	0.8898932060001243	117.387264
float-nonlinear-calculation/coral1.yml	false	false	2.740121	1.1899544650004827	176.041984
float-nonlinear-calculation/coral10.yml	false	false	2.948952	1.1993205549988488	175.804416
float-nonlinear-calculation/coral11.yml	false	unknown	2.624074	1.1436476099988795	169.451520
float-nonlinear-calculation/coral12.yml	false	unknown	2.677646	1.1563442860006035	171.794432
float-nonlinear-calculation/coral13.yml	false	unknown	2.586287	1.143605421000757	172.634112
float-nonlinear-calculation/coral14.yml	false	unknown	2.673071	1.1497067290001723	170.516480
float-nonlinear-calculation/coral15.yml	false	unknown	2.65992	1.1484867449999	170.680320
float-nonlinear-calculation/coral16.yml	false	true	2.668408	1.1679585849997238	172.400640
float-nonlinear-calculation/coral17.yml	false	unknown	2.543208	1.1113257460001478	169.050112
float-nonlinear-calculation/coral18.yml	false	unknown	2.622927	1.1545036030001938	171.978752
float-nonlinear-calculation/coral19.yml	false	unknown	2.767679	1.168366141999286	169.295872
float-nonlinear-calculation/coral2.yml	false	false	2.824991	1.2044804219985963	175.235072
float-nonlinear-calculation/coral20.yml	false	false	2.795909	1.1917524479995336	176.099328
float-nonlinear-calculation/coral21.yml	false	false	2.704399	1.172972687998481	175.673344
float-nonlinear-calculation/coral22.yml	false	unknown	2.807427	1.1862807839988818	175.132672
float-nonlinear-calculation/coral23.yml	true	true	2.85258	1.1951628429997072	169.811968
float-nonlinear-calculation/coral26.yml	true	true	2.668333	1.1466426549995958	171.196416
float-nonlinear-calculation/coral27.yml	false	false	3.002179	1.2282334880001144	176.336896
float-nonlinear-calculation/coral28.yml	false	unknown	2.755786	1.154796755001371	172.232704
float-nonlinear-calculation/coral29.yml	false	unknown	2.722348	1.1487612199998694	168.755200
float-nonlinear-calculation/coral3.yml	true	true	2.846567	1.1781596559994796	172.363776
float-nonlinear-calculation/coral30.yml	false	unknown	2.492481	1.0828510980009014	115.867648
float-nonlinear-calculation/coral31.yml	false	true	2.709642	1.1645749399995111	169.193472
float-nonlinear-calculation/coral32.yml	false	unknown	2.666707	1.1473476419996587	169.041920
float-nonlinear-calculation/coral33.yml	false	unknown	2.772076	1.1657313859996066	168.415232
float-nonlinear-calculation/coral34.yml	false	unknown	2.697478	1.1637322149999818	170.655744
float-nonlinear-calculation/coral35.yml	false	unknown	2.702698	1.179370032999941	171.958272
float-nonlinear-calculation/coral36.yml	false	unknown	2.671174	1.1134631959994294	119.078912
float-nonlinear-calculation/coral38.yml	false	unknown	2.749675	1.1756426709998777	169.959424
float-nonlinear-calculation/coral39.yml	false	unknown	2.77327	1.172412613999768	169.111552
float-nonlinear-calculation/coral4.yml	false	unknown	2.819284	1.181934326999908	169.168896
float-nonlinear-calculation/coral40.yml	false	false	2.783482	1.1824214539992681	175.501312
float-nonlinear-calculation/coral41.yml	false	false	2.859848	1.2077871619985672	175.132672
float-nonlinear-calculation/coral42.yml	false	unknown	2.667052	1.1462514189988724	179.269632
float-nonlinear-calculation/coral43.yml	false	unknown	2.619714	1.138875533000828	168.394752
float-nonlinear-calculation/coral44.yml	false	unknown	2.678193	1.1796414939999522	172.384256
float-nonlinear-calculation/coral45.yml	false	unknown	2.651414	1.151614377999067	169.426944
float-nonlinear-calculation/coral46.yml	true	unknown	2.880515	1.19867923899983	172.937216
float-nonlinear-calculation/coral48.yml	false	true	2.910484	1.1904786409995722	170.774528
float-nonlinear-calculation/coral49.yml	false	unknown	2.710919	1.1848855369989906	172.093440
float-nonlinear-calculation/coral5.yml	true	true	2.760812	1.1890891330003797	172.199936
float-nonlinear-calculation/coral50.yml	false	unknown	2.707215	1.166298022000774	170.074112
float-nonlinear-calculation/coral51.yml	false	unknown	2.83252	1.170704157999353	168.964096
float-nonlinear-calculation/coral52.yml	false	unknown	2.71728	1.1653931419987202	168.796160
float-nonlinear-calculation/coral53.yml	false	unknown	2.691318	1.1553433549997862	169.148416
float-nonlinear-calculation/coral54.yml	false	unknown	2.833598	1.190108066999528	169.226240
float-nonlinear-calculation/coral55.yml	true	true	2.652766	1.1424968940009421	169.488384
float-nonlinear-calculation/coral56.yml	false	true	2.786715	1.18818006499896	173.510656
float-nonlinear-calculation/coral57.yml	false	true	2.743224	1.184159673000977	173.694976
float-nonlinear-calculation/coral58.yml	false	true	2.77358	1.1771623490003549	173.850624
float-nonlinear-calculation/coral59.yml	false	true	2.632924	1.1564079849995323	172.314624
float-nonlinear-calculation/coral6.yml	false	false	2.739807	1.1725843299991539	175.386624
float-nonlinear-calculation/coral60.yml	false	true	2.639392	1.1497783209997579	171.778048
float-nonlinear-calculation/coral61.yml	false	true	2.793393	1.1631382569994457	170.336256
float-nonlinear-calculation/coral62.yml	false	true	2.712008	1.1704899659998773	172.883968
float-nonlinear-calculation/coral63.yml	false	true	2.646429	1.1763623859988002	172.961792
float-nonlinear-calculation/coral64.yml	false	true	2.740736	1.1981176120007149	173.912064
float-nonlinear-calculation/coral65.yml	false	true	2.877565	1.19269223000083	174.059520
float-nonlinear-calculation/coral66.yml	false	true	2.66814	1.1656761239992193	172.023808
float-nonlinear-calculation/coral67.yml	false	true	2.844907	1.2090237869997509	174.170112
float-nonlinear-calculation/coral68.yml	false	true	2.872391	1.2033161759991344	172.810240
float-nonlinear-calculation/coral69.yml	false	true	2.730713	1.1561370059989713	170.446848
float-nonlinear-calculation/coral71.yml	false	false	3.064692	1.2671005290012545	182.251520
float-nonlinear-calculation/coral72.yml	false	false	2.797855	1.1991975700002513	177.745920
float-nonlinear-calculation/coral73.yml	false	false	3.201198	1.281398736000483	189.214720
float-nonlinear-calculation/coral74.yml	false	false	3.074514	1.2541272489997937	178.659328
float-nonlinear-calculation/coral75.yml	false	false	2.977135	1.2401509970004554	195.309568
float-nonlinear-calculation/coral76.yml	false	true	2.711626	1.1595916950009268	172.466176
float-nonlinear-calculation/coral77.yml	false	true	2.904684	1.1950074289998156	177.090560
float-nonlinear-calculation/coral79.yml	false	true	2.639512	1.1405340769997565	171.278336
float-nonlinear-calculation/coral80.yml	true	true	2.609094	1.1465648649991635	170.643456
float-nonlinear-calculation/coral81.yml	false	true	2.885498	1.2061967869994987	174.170112
float-nonlinear-calculation/coral84.yml	false	true	2.939588	1.2127278759999172	173.715456
float-nonlinear-calculation/coral9.yml	false	false	2.697713	1.1963135120004154	174.977024
float-nonlinear-calculation/coral91.yml	true	true	2.676633	1.1618537439990178	171.130880
