tool		SPF Mon Jun 30 08:45:41 AM IST 2025	SPF Mon Jun 30 08:45:41 AM IST 2025	SPF Mon Jun 30 08:45:41 AM IST 2025	SPF Mon Jun 30 08:45:41 AM IST 2025	SPF Tue Jul  1 04:25:09 PM IST 2025	SPF Tue Jul  1 04:25:09 PM IST 2025	SPF Tue Jul  1 04:25:09 PM IST 2025	SPF Tue Jul  1 04:25:09 PM IST 2025
run set		SV-COMP25_assert_java.ReachSafety-Java	SV-COMP25_assert_java.ReachSafety-Java	SV-COMP25_assert_java.ReachSafety-Java	SV-COMP25_assert_java.ReachSafety-Java	SV-COMP25_assert_java.ReachSafety-Java	SV-COMP25_assert_java.ReachSafety-Java	SV-COMP25_assert_java.ReachSafety-Java	SV-COMP25_assert_java.ReachSafety-Java
../sv-benchmarks/java/		status	cputime (s)	walltime (s)	memory (MB)	status	cputime (s)	walltime (s)	memory (MB)
jpf-regression/ExSymExeD2L_false.yml	false	unknown	2.171768	1.029761900000267	167.616512	false	2.117077	1.066422766999949	174.342144
jpf-regression/ExSymExeI2D_false.yml	false	unknown	2.074497	1.0035598299991761	169.095168	false	1.977905	1.0010844320004253	174.469120
float-nonlinear-calculation/EulerMethod.yml	false	unknown	2.291091	1.0399639500001285	213.180416	false	2.834581	1.2822426770003403	298.643456
float-nonlinear-calculation/Optimization5.yml	false	unknown	2.875719	1.2279912240001067	167.002112	false	2.912817	1.257070874999954	173.891584
float-nonlinear-calculation/coral1.yml	false	unknown	3.1992	1.3169673200000034	172.548096	false	2.899882	1.2520181959998808	173.985792
float-nonlinear-calculation/coral10.yml	false	unknown	2.95367	1.2472266289996696	168.374272	false	2.806648	1.2305116170000474	177.782784
float-nonlinear-calculation/coral2.yml	false	unknown	3.097034	1.2666063349997785	168.394752	false	2.871136	1.2440487489998304	178.073600
float-nonlinear-calculation/coral20.yml	false	unknown	3.126542	1.275924316999408	168.136704	false	3.049979	1.2777817780001897	178.122752
float-nonlinear-calculation/coral21.yml	false	unknown	2.87669	1.2335117399998126	167.649280	false	2.774357	1.2402107070001875	174.751744
float-nonlinear-calculation/coral27.yml	false	unknown	3.176169	1.284960607999892	171.339776	false	2.78883	1.2321239190000597	174.911488
float-nonlinear-calculation/coral40.yml	false	unknown	3.560071	1.5887291500002902	167.206912	false	2.861517	1.2602592469997944	175.013888
float-nonlinear-calculation/coral41.yml	false	unknown	3.660548	1.5868077849991096	167.919616	false	2.945748	1.2887270040000658	175.869952
float-nonlinear-calculation/coral6.yml	false	unknown	3.208755	1.3246405520003464	168.263680	false	2.854828	1.2478664519999256	173.932544
float-nonlinear-calculation/coral71.yml	false	unknown	3.258694	1.3150321639996037	172.359680	false	3.230466	1.3124890700000833	183.529472
float-nonlinear-calculation/coral72.yml	false	unknown	3.032223	1.2878000979999342	169.570304	false	2.939309	1.2510848499996428	176.959488
float-nonlinear-calculation/coral73.yml	false	unknown	3.133542	1.3005116820004332	173.400064	false	3.071058	1.278829651000251	183.525376
float-nonlinear-calculation/coral74.yml	false	unknown	2.946658	1.2602906990005067	167.096320	false	2.882165	1.2549580469999455	176.644096
float-nonlinear-calculation/coral75.yml	false	unknown	3.295492	1.3245841059997474	172.875776	false	3.005105	1.2671831559996463	185.724928
float-nonlinear-calculation/coral9.yml	false	unknown	3.130737	1.2776603780002915	167.182336	false	2.813996	1.2389025819998096	174.145536
